system,index,denominator,integer_form,verdict,provenance
(3,6),0,,"[1,1,1,0,0,0]",DESIGN-INT,direct
(3,6),1,,"[2,1,1,1,1,0]",DESIGN-INT,direct
(3,6),2,,"[3,3,2,2,1,1]",DESIGN-INT,direct
(3,6),3,,"[1,1,1,1,1,1]",DESIGN-INT,direct
(3,7),0,,"[5,5,3,3,3,1,1]",DESIGN-INT,direct
(3,7),1,,"[3,3,3,3,1,1,1]",DESIGN-INT,direct
(3,7),2,,"[3,3,2,2,1,1,0]",DESIGN-INT,direct
(3,7),3,,"[3,1,1,1,1,1,1]",DESIGN-INT,direct
(3,7),4,,"[2,2,2,2,2,1,1]",DESIGN-INT,direct
(3,7),5,,"[2,2,1,1,1,1,1]",DESIGN-INT,direct
(3,7),6,,"[2,1,1,1,1,0,0]",DESIGN-INT,direct
(3,7),7,,"[3,3,3,3,3,3,3]",DESIGN-INT,direct
(3,7),8,,"[1,1,1,1,1,1,0]",DESIGN-INT,direct
(3,7),9,,"[1,1,1,0,0,0,0]",DESIGN-INT,direct
(4,8),0,,"[7,7,7,3,3,3,3,3]",DESIGN-INT,direct
(4,8),1,,"[7,5,5,3,3,3,1,1]",DESIGN-INT,direct
(4,8),2,,"[7,3,3,3,3,3,3,3]",DESIGN-INT,direct
(4,8),3,,"[5,5,5,3,3,1,1,1]",DESIGN-INT,direct
(4,8),4,,"[5,3,3,3,3,1,1,1]",DESIGN-INT,direct
(4,8),5,,"[4,4,4,2,2,2,1,1]",DESIGN-INT,direct
(4,8),6,,"[4,4,3,3,3,1,1,1]",DESIGN-INT,direct
(4,8),7,,"[4,3,3,2,2,1,1,0]",DESIGN-INT,direct
(4,8),8,,"[4,2,2,2,2,2,1,1]",DESIGN-INT,direct
(4,8),9,,"[6,6,6,6,6,2,2,2]",DESIGN-INT,direct
(4,8),10,,"[3,3,2,2,2,2,2,0]",DESIGN-INT,direct
(4,8),11,,"[6,6,4,4,4,2,2,0]",DESIGN-INT,direct
(4,8),12,,"[3,3,1,1,1,1,1,1]",DESIGN-INT,direct
(4,8),13,,"[3,2,2,1,1,1,1,1]",DESIGN-INT,direct
(4,8),14,,"[2,2,2,2,2,1,1,0]",DESIGN-INT,direct
(4,8),15,,"[4,4,4,2,2,2,2,0]",DESIGN-INT,direct
(4,8),16,,"[2,2,1,1,1,1,0,0]",DESIGN-INT,direct
(4,8),17,,"[2,1,1,1,1,1,1,0]",DESIGN-INT,direct
(4,8),18,,"[1,1,1,1,1,1,1,1]",DESIGN-INT,direct
(4,8),19,,"[4,4,4,4,4,4,4,0]",DESIGN-INT,direct
(4,8),20,,"[2,2,2,2,2,2,0,0]",DESIGN-INT,direct
(4,8),21,,"[1,1,1,1,0,0,0,0]",DESIGN-INT,direct
(3,9),0,,"[1,1,1,0,0,0,0,0,0]",DESIGN-INT,direct
(3,9),1,,"[2,1,1,1,1,0,0,0,0]",DESIGN-INT,direct
(3,9),2,,"[3,1,1,1,1,1,1,0,0]",DESIGN-INT,direct
(3,9),3,,"[4,1,1,1,1,1,1,1,1]",DESIGN-INT,direct
(3,9),4,,"[6,3,3,3,2,2,1,1,0]",DESIGN-INT,direct
(3,9),5,,"[5,3,2,2,2,2,1,1,0]",DESIGN-INT,direct
(3,9),6,,"[4,3,2,2,1,1,1,1,0]",DESIGN-INT,direct
(3,9),7,,"[12,6,6,5,5,5,3,3,0]",DESIGN-INT,direct
(3,9),8,,"[11,6,6,5,5,5,2,2,0]",DESIGN-INT,direct
(3,9),9,,"[10,6,6,6,4,4,1,1,1]",INTERFERENCE,direct
(3,9),10,,"[3,3,2,2,1,1,0,0,0]",DESIGN-INT,direct
(3,9),11,,"[9,6,6,6,3,3,1,1,1]",INTERFERENCE,direct
(3,9),12,,"[9,6,4,4,4,3,3,3,0]",DESIGN-INT,direct
(3,9),13,,"[9,5,5,5,3,3,3,3,0]",INTERFERENCE,direct
(3,9),14,,"[12,6,6,6,6,6,3,3,0]",DESIGN-INT,direct
(3,9),15,,"[8,7,5,5,2,2,2,1,1]",DESIGN-INT,direct
(3,9),16,,"[8,6,4,4,4,4,1,1,1]",INTERFERENCE,direct
(3,9),17,,"[5,5,3,3,3,1,1,0,0]",DESIGN-INT,direct
(3,9),18,,"[5,5,3,3,2,1,1,1,0]",DESIGN-INT,direct
(3,9),19,,"[7,7,4,4,4,2,1,1,0]",INTERFERENCE,direct
(3,9),20,,"[7,7,4,4,4,1,1,1,1]",DESIGN-INT,direct
(3,9),21,,"[7,7,4,4,2,2,2,1,1]",DESIGN-INT,direct
(3,9),22,,"[7,5,5,5,2,2,2,2,0]",INTERFERENCE,direct
(3,9),23,,"[9,9,6,6,3,2,2,1,1]",DESIGN-INT,direct
(3,9),24,,"[9,9,5,5,3,3,3,2,0]",DESIGN-INT,direct
(3,9),25,,"[11,11,6,6,4,4,3,3,0]",DESIGN-INT,direct
(3,9),26,,"[13,13,7,7,4,4,4,4,1]",DESIGN-INT,direct
(3,9),27,,"[4,4,3,3,1,1,1,1,0]",DESIGN-INT,direct
(3,9),28,,"[6,6,4,4,4,1,1,1,0]",INTERFERENCE,direct
(3,9),29,,"[8,8,5,5,2,2,2,2,2]",DESIGN-INT,direct
(3,9),30,,"[10,10,6,6,6,4,1,1,1]",INTERFERENCE,direct
(3,9),31,,"[12,12,7,7,4,4,4,4,0]",INTERFERENCE,direct
(3,9),32,,"[2,2,1,1,1,1,1,0,0]",DESIGN-INT,direct
(3,9),33,,"[4,4,2,2,2,2,1,1,0]",DESIGN-INT,direct
(3,9),34,,"[6,6,3,3,3,3,1,1,1]",INTERFERENCE,direct
(3,9),35,,"[6,6,3,3,3,2,2,2,0]",DESIGN-INT,direct
(3,9),36,,"[6,5,5,5,2,2,1,1,0]",INTERFERENCE,direct
(3,9),37,,"[10,8,8,8,4,4,1,1,1]",INTERFERENCE,direct
(3,9),38,,"[2,1,1,1,1,1,1,1,0]",DESIGN-INT,direct
(3,9),39,,"[5,5,2,2,2,2,2,2,2]",DESIGN-INT,direct
(3,9),40,,"[8,8,6,6,6,2,1,1,1]",INTERFERENCE,direct
(3,9),41,,"[3,3,3,3,1,1,1,0,0]",DESIGN-INT,direct
(3,9),42,,"[6,6,5,5,4,1,1,1,1]",INTERFERENCE,direct
(3,9),43,,"[6,6,3,3,3,3,3,3,0]",DESIGN-INT,direct
(3,9),44,,"[9,8,8,8,3,3,3,3,0]",INTERFERENCE,direct
(3,9),45,,"[4,4,4,4,2,1,1,1,0]",INTERFERENCE,direct
(3,9),46,,"[4,4,4,4,1,1,1,1,1]",DESIGN-INT,direct
(3,9),47,,"[9,9,9,9,4,4,2,2,0]",INTERFERENCE,direct
(3,9),48,,"[10,10,10,10,4,4,3,3,0]",INTERFERENCE,direct
(3,9),49,,"[6,6,6,6,4,2,1,1,1]",INTERFERENCE,direct
(3,9),50,,"[15,15,15,15,6,6,6,6,0]",INTERFERENCE,direct
(3,9),51,,"[1,1,1,1,1,1,0,0,0]",DESIGN-INT,direct
(3,9),52,,"[2,2,2,2,2,1,1,0,0]",DESIGN-INT,direct
(3,9),53,,"[3,3,3,3,3,1,1,1,0]",DESIGN-REAL,direct
(3,9),54,,"[4,4,4,4,4,1,1,1,1]",DESIGN-INT,direct
(3,9),55,,"[3,3,3,3,3,3,3,0,0]",DESIGN-INT,direct
(3,9),56,,"[3,3,3,3,3,3,3,3,0]",DESIGN-INT,direct
(3,9),57,,"[1,1,1,1,1,1,1,1,1]",DESIGN-INT,direct
(4,9),0,,"[1,1,1,1,0,0,0,0,0]",DESIGN-INT,direct
(4,9),1,,"[2,2,1,1,1,1,0,0,0]",DESIGN-INT,direct
(4,9),2,,"[3,3,1,1,1,1,1,1,0]",DESIGN-INT,direct
(4,9),3,,"[7,6,3,3,3,2,2,1,1]",DESIGN-INT,direct
(4,9),4,,"[6,5,3,2,2,2,2,1,1]",DESIGN-INT,direct
(4,9),5,,"[5,4,3,2,2,1,1,1,1]",DESIGN-INT,direct
(4,9),6,,"[15,12,6,6,5,5,5,3,3]",DESIGN-INT,direct
(4,9),7,,"[14,11,6,6,5,5,5,2,2]",DESIGN-INT,direct
(4,9),8,,"[4,3,3,2,2,1,1,0,0]",DESIGN-INT,direct
(4,9),9,,"[12,9,6,4,4,4,3,3,3]",DESIGN-INT,direct
(4,9),10,,"[12,9,5,5,5,3,3,3,3]",INTERFERENCE,direct
(4,9),11,,"[16,12,6,6,6,6,6,3,3]",DESIGN-INT,direct
(4,9),12,,"[7,5,5,3,3,3,1,1,0]",DESIGN-INT,direct
(4,9),13,,"[7,5,5,3,3,2,1,1,1]",DESIGN-INT,direct
(4,9),14,,"[10,7,7,4,4,4,2,1,1]",INTERFERENCE,direct
(4,9),15,,"[10,7,5,5,5,2,2,2,2]",INTERFERENCE,direct
(4,9),16,,"[13,9,9,5,5,3,3,3,2]",DESIGN-INT,direct
(4,9),17,,"[16,11,11,6,6,4,4,3,3]",DESIGN-INT,direct
(4,9),18,,"[6,4,4,3,3,1,1,1,1]",DESIGN-INT,direct
(4,9),19,,"[9,6,6,4,4,4,1,1,1]",INTERFERENCE,direct
(4,9),20,,"[18,12,12,7,7,4,4,4,4]",INTERFERENCE,direct
(4,9),21,,"[3,2,2,1,1,1,1,1,0]",DESIGN-INT,direct
(4,9),22,,"[6,4,4,2,2,2,2,1,1]",DESIGN-INT,direct
(4,9),23,,"[9,6,6,3,3,3,2,2,2]",DESIGN-INT,direct
(4,9),24,,"[9,6,5,5,5,2,2,1,1]",INTERFERENCE,direct
(4,9),25,,"[3,2,1,1,1,1,1,1,1]",DESIGN-INT,direct
(4,9),26,,"[5,3,3,3,3,1,1,1,0]",DESIGN-INT,direct
(4,9),27,,"[10,6,6,3,3,3,3,3,3]",DESIGN-INT,direct
(4,9),28,,"[15,9,8,8,8,3,3,3,3]",INTERFERENCE,direct
(4,9),29,,"[7,4,4,4,4,2,1,1,1]",INTERFERENCE,direct
(4,9),30,,"[16,9,9,9,9,4,4,2,2]",INTERFERENCE,direct
(4,9),31,,"[18,10,10,10,10,4,4,3,3]",INTERFERENCE,direct
(4,9),32,,"[28,15,15,15,15,6,6,6,6]",INTERFERENCE,direct
(4,9),33,,"[2,1,1,1,1,1,1,0,0]",DESIGN-INT,direct
(4,9),34,,"[4,2,2,2,2,2,1,1,0]",DESIGN-INT,direct
(4,9),35,,"[6,3,3,3,3,3,1,1,1]",DESIGN-REAL,direct
(4,9),36,,"[7,3,3,3,3,3,3,3,0]",DESIGN-INT,direct
(4,9),37,,"[8,3,3,3,3,3,3,3,3]",DESIGN-INT,direct
(4,9),38,,"[20,12,12,12,12,4,4,4,4]",INTERFERENCE,direct
(4,9),39,,"[16,12,12,6,6,4,4,4,4]",DESIGN-INT,direct
(4,9),40,,"[14,11,11,6,6,6,2,2,2]",INTERFERENCE,direct
(4,9),41,,"[14,11,11,6,6,3,3,3,3]",DESIGN-INT,direct
(4,9),42,,"[14,9,9,9,9,3,3,2,2]",INTERFERENCE,direct
(4,9),43,,"[12,12,6,5,5,4,4,2,2]",DESIGN-INT,direct
(4,9),44,,"[11,11,6,5,5,3,3,2,2]",DESIGN-INT,direct
(4,9),45,,"[22,22,10,10,10,7,7,4,4]",DESIGN-INT,direct
(4,9),46,,"[11,9,9,5,5,5,2,1,1]",DESIGN-INT,direct
(4,9),47,,"[11,8,7,7,7,2,2,2,2]",INTERFERENCE,direct
(4,9),48,,"[21,21,10,10,10,7,7,3,3]",DESIGN-INT,direct
(4,9),49,,"[10,10,6,5,5,3,3,1,1]",DESIGN-INT,direct
(4,9),50,,"[10,10,6,4,4,3,3,2,2]",DESIGN-INT,direct
(4,9),51,,"[20,20,10,10,10,6,6,3,3]",DESIGN-INT,direct
(4,9),52,,"[10,10,4,4,4,4,4,2,2]",DESIGN-INT,direct
(4,9),53,,"[10,8,8,5,5,5,1,1,1]",DESIGN-INT,direct
(4,9),54,,"[19,19,10,7,7,7,7,4,4]",DESIGN-INT,direct
(4,9),55,,"[9,9,6,4,4,3,3,1,1]",DESIGN-INT,direct
(4,9),56,,"[18,18,10,7,7,7,7,3,3]",DESIGN-INT,direct
(4,9),57,,"[9,7,6,6,6,2,2,1,1]",DESIGN-INT,direct
(4,9),58,,"[8,8,6,4,4,2,2,1,1]",DESIGN-INT,direct
(4,9),59,,"[16,16,10,7,7,4,4,4,4]",DESIGN-INT,direct
(4,9),60,,"[16,16,10,6,6,6,6,3,3]",DESIGN-INT,direct
(4,9),61,,"[8,8,4,4,4,2,2,2,2]",DESIGN-INT,direct
(4,9),62,,"[8,7,7,4,4,3,1,1,1]",DESIGN-INT,direct
(4,9),63,,"[14,14,10,7,7,3,3,3,3]",DESIGN-INT,direct
(4,9),64,,"[7,5,5,5,5,2,1,1,1]",DESIGN-INT,direct
(4,9),65,,"[20,14,14,14,14,4,4,4,4]",INTERFERENCE,direct
(4,9),66,,"[13,13,10,6,6,3,3,3,3]",DESIGN-INT,direct
(4,9),67,,"[12,12,10,7,7,3,3,1,1]",DESIGN-INT,direct
(4,9),68,,"[6,6,4,4,4,2,2,0,0]",DESIGN-INT,direct
(4,9),69,,"[6,6,4,2,2,2,2,2,2]",DESIGN-INT,direct
(4,9),70,,"[6,5,5,4,4,1,1,1,1]",DESIGN-INT,direct
(4,9),71,,"[6,5,5,2,2,2,2,2,2]",DESIGN-INT,direct
(4,9),72,,"[11,11,10,6,6,3,3,1,1]",DESIGN-INT,direct
(4,9),73,,"[16,12,12,12,12,4,4,2,2]",DESIGN-INT,direct
(4,9),74,,"[5,5,5,3,3,1,1,1,0]",DESIGN-INT,direct
(4,9),75,,"[5,5,2,2,2,2,2,2,2]",DESIGN-INT,direct
(4,9),76,,"[9,9,9,5,5,3,2,1,1]",DESIGN-INT,direct
(4,9),77,,"[9,9,8,6,6,2,2,1,1]",DESIGN-INT,direct
(4,9),78,,"[22,22,22,12,12,6,6,3,3]",DESIGN-INT,direct
(4,9),79,,"[26,26,26,15,15,7,7,3,3]",DESIGN-INT,direct
(4,9),80,,"[17,17,17,9,9,6,3,3,3]",DESIGN-INT,direct
(4,9),81,,"[8,8,8,5,5,3,1,1,1]",DESIGN-INT,direct
(4,9),82,,"[4,4,4,2,2,2,2,0,0]",DESIGN-INT,direct
(4,9),83,,"[4,4,4,2,2,2,1,1,0]",DESIGN-INT,direct
(4,9),84,,"[12,12,12,6,6,6,2,2,2]",DESIGN-INT,direct
(4,9),85,,"[4,4,4,2,2,1,1,1,1]",DESIGN-INT,direct
(4,9),86,,"[16,16,14,11,11,3,3,3,3]",DESIGN-INT,direct
(4,9),87,,"[4,4,3,3,3,1,1,1,0]",DESIGN-INT,direct
(4,9),88,,"[22,22,22,15,15,5,5,3,3]",DESIGN-INT,direct
(4,9),89,,"[7,7,7,5,5,2,1,1,1]",DESIGN-INT,direct
(4,9),90,,"[7,7,7,3,3,3,3,3,0]",DESIGN-INT,direct
(4,9),91,,"[10,10,10,7,7,2,2,2,2]",DESIGN-REAL,direct
(4,9),92,,"[10,10,8,8,8,2,2,2,2]",DESIGN-INT,direct
(4,9),93,,"[16,16,16,12,12,4,4,2,2]",DESIGN-INT,direct
(4,9),94,,"[16,16,16,6,6,6,6,6,6]",DESIGN-INT,direct
(4,9),95,,"[3,3,2,2,2,2,2,0,0]",DESIGN-INT,direct
(4,9),96,,"[2,2,2,2,2,2,0,0,0]",DESIGN-INT,direct
(4,9),97,,"[2,2,2,2,2,1,1,0,0]",DESIGN-INT,direct
(4,9),98,,"[6,6,6,6,6,2,2,2,0]",DESIGN-INT,direct
(4,9),99,,"[4,4,4,4,4,1,1,1,1]",DESIGN-INT,direct
(4,9),100,,"[4,4,4,4,4,4,4,0,0]",DESIGN-INT,direct
(4,9),101,,"[1,1,1,1,1,1,1,1,0]",DESIGN-INT,direct
(4,9),102,,"[4,4,4,4,4,4,4,4,4]",DESIGN-INT,direct
(3,10),0,,"[1,1,1,0,0,0,0,0,0,0]",DESIGN-INT,direct
(3,10),1,,"[2,1,1,1,1,0,0,0,0,0]",DESIGN-INT,direct
(3,10),2,,"[3,1,1,1,1,1,1,0,0,0]",DESIGN-INT,direct
(3,10),3,,"[4,1,1,1,1,1,1,1,1,0]",DESIGN-INT,direct
(3,10),4,,"[9,3,3,3,3,3,2,2,1,1]",DESIGN-INT,direct
(3,10),5,,"[8,3,3,3,2,2,2,2,1,1]",DESIGN-INT,direct
(3,10),6,,"[7,3,3,3,2,2,1,1,1,1]",DESIGN-INT,direct
(3,10),7,,"[7,3,2,2,2,2,2,2,1,1]",DESIGN-INT,direct
(3,10),8,,"[6,3,3,3,2,2,1,1,0,0]",DESIGN-INT,direct
(3,10),9,,"[6,3,2,2,2,2,1,1,1,1]",DESIGN-INT,direct
(3,10),10,,"[18,6,6,6,6,5,5,5,3,3]",DESIGN-INT,direct
(3,10),11,,"[17,6,6,6,6,5,5,5,2,2]",DESIGN-INT,direct
(3,10),12,,"[17,6,6,5,5,5,5,5,3,3]",DESIGN-INT,direct
(3,10),13,,"[16,6,6,5,5,5,5,5,2,2]",DESIGN-INT,direct
(3,10),14,,"[5,3,2,2,2,2,1,1,0,0]",DESIGN-INT,direct
(3,10),15,,"[5,3,2,2,1,1,1,1,1,1]",DESIGN-INT,direct
(3,10),16,,"[30,10,10,10,9,9,9,9,6,6]",DESIGN-INT,direct
(3,10),17,,"[14,5,5,5,5,5,3,3,3,3]",INTERFERENCE,direct
(3,10),18,,"[27,10,10,10,9,9,9,9,3,3]",DESIGN-INT,direct
(3,10),19,,"[18,6,6,6,6,6,6,6,3,3]",DESIGN-INT,direct
(3,10),20,,"[13,6,4,4,4,4,4,3,3,3]",DESIGN-INT,direct
(3,10),21,,"[4,3,2,2,1,1,1,1,0,0]",DESIGN-INT,direct
(3,10),22,,"[12,6,6,5,5,5,3,3,0,0]",DESIGN-INT,direct
(3,10),23,,"[12,6,4,4,4,3,3,3,3,3]",DESIGN-INT,direct
(3,10),24,,"[12,5,5,5,5,5,2,2,2,2]",INTERFERENCE,direct
(3,10),25,,"[12,5,5,5,3,3,3,3,3,3]",INTERFERENCE,direct
(3,10),26,,"[11,6,6,5,5,5,2,2,0,0]",DESIGN-INT,direct
(3,10),27,,"[22,10,7,7,7,7,6,6,6,6]",DESIGN-INT,direct
(3,10),28,,"[10,6,6,6,4,4,1,1,1,0]",INTERFERENCE,direct
(3,10),29,,"[3,3,2,2,1,1,0,0,0,0]",DESIGN-INT,direct
(3,10),30,,"[9,6,6,6,3,3,1,1,1,0]",INTERFERENCE,direct
(3,10),31,,"[9,6,4,4,4,3,3,3,0,0]",DESIGN-INT,direct
(3,10),32,,"[9,6,3,3,3,3,3,2,2,2]",DESIGN-INT,direct
(3,10),33,,"[9,5,5,5,3,3,3,3,0,0]",INTERFERENCE,direct
(3,10),34,,"[9,5,5,5,2,2,2,2,2,2]",INTERFERENCE,direct
(3,10),35,,"[12,6,6,6,6,6,3,3,0,0]",DESIGN-INT,direct
(3,10),36,,"[3,1,1,1,1,1,1,1,1,1]",DESIGN-INT,direct
(3,10),37,,"[8,7,5,5,2,2,2,1,1,0]",DESIGN-INT,direct
(3,10),38,,"[8,6,4,4,4,4,1,1,1,0]",INTERFERENCE,direct
(3,10),39,,"[8,6,3,3,3,2,2,2,2,2]",DESIGN-INT,direct
(3,10),40,,"[13,9,9,9,5,5,1,1,1,1]",INTERFERENCE,direct
(3,10),41,,"[5,5,3,3,3,1,1,0,0,0]",DESIGN-INT,direct
(3,10),42,,"[5,5,3,3,2,1,1,1,0,0]",DESIGN-INT,direct
(3,10),43,,"[7,7,4,4,4,2,1,1,0,0]",INTERFERENCE,direct
(3,10),44,,"[7,7,4,4,4,1,1,1,1,0]",DESIGN-INT,direct
(3,10),45,,"[7,7,4,4,3,1,1,1,1,1]",DESIGN-INT,direct
(3,10),46,,"[7,7,4,4,2,2,2,1,1,0]",DESIGN-INT,direct
(3,10),47,,"[7,5,5,5,2,2,2,2,0,0]",INTERFERENCE,direct
(3,10),48,,"[9,9,6,6,3,2,2,1,1,0]",DESIGN-INT,direct
(3,10),49,,"[9,9,5,5,5,2,1,1,1,1]",INTERFERENCE,direct
(3,10),50,,"[9,9,5,5,3,3,3,2,0,0]",DESIGN-INT,direct
(3,10),51,,"[9,6,3,3,3,3,3,3,3,3]",DESIGN-INT,direct
(3,10),52,,"[11,11,7,7,3,3,3,1,1,1]",DESIGN-INT,direct
(3,10),53,,"[11,11,6,6,6,2,2,2,1,1]",DESIGN-INT,direct
(3,10),54,,"[11,11,6,6,4,4,3,3,0,0]",DESIGN-INT,direct
(3,10),55,,"[11,11,6,6,3,3,3,3,1,1]",DESIGN-INT,direct
(3,10),56,,"[13,13,7,7,4,4,4,4,1,0]",DESIGN-INT,direct
(3,10),57,,"[19,19,10,10,6,6,6,6,1,1]",INTERFERENCE,direct
(3,10),58,,"[4,4,3,3,1,1,1,1,0,0]",DESIGN-INT,direct
(3,10),59,,"[6,6,4,4,4,1,1,1,0,0]",INTERFERENCE,direct
(3,10),60,,"[8,8,5,5,5,1,1,1,1,1]",INTERFERENCE,direct
(3,10),61,,"[8,8,5,5,2,2,2,2,2,0]",DESIGN-INT,direct
(3,10),62,,"[10,10,6,6,6,4,1,1,1,0]",INTERFERENCE,direct
(3,10),63,,"[12,12,7,7,4,4,4,4,0,0]",INTERFERENCE,direct
(3,10),64,,"[2,2,1,1,1,1,1,0,0,0]",DESIGN-INT,direct
(3,10),65,,"[4,4,2,2,2,2,1,1,0,0]",DESIGN-INT,direct
(3,10),66,,"[6,6,3,3,3,3,1,1,1,0]",INTERFERENCE,direct
(3,10),67,,"[6,6,3,3,3,2,2,2,0,0]",DESIGN-INT,direct
(3,10),68,,"[10,10,5,5,5,2,2,2,2,2]",INTERFERENCE,direct
(3,10),69,,"[4,4,2,2,1,1,1,1,1,1]",DESIGN-INT,direct
(3,10),70,,"[6,5,5,5,2,2,1,1,0,0]",INTERFERENCE,direct
(3,10),71,,"[10,8,8,8,4,4,1,1,1,0]",INTERFERENCE,direct
(3,10),72,,"[2,1,1,1,1,1,1,1,0,0]",DESIGN-INT,direct
(3,10),73,,"[9,9,5,5,5,5,1,1,1,1]",INTERFERENCE,direct
(3,10),74,,"[9,9,4,4,4,4,2,2,2,2]",DESIGN-REAL,direct
(3,10),75,,"[9,7,7,7,2,2,2,2,2,2]",INTERFERENCE,direct
(3,10),76,,"[7,7,3,3,3,2,2,2,2,2]",DESIGN-INT,direct
(3,10),77,,"[7,6,6,6,2,2,1,1,1,1]",INTERFERENCE,direct
(3,10),78,,"[5,5,4,4,1,1,1,1,1,1]",DESIGN-INT,direct
(3,10),79,,"[5,5,2,2,2,2,2,2,2,0]",DESIGN-INT,direct
(3,10),80,,"[5,5,2,2,2,2,2,2,1,1]",DESIGN-INT,direct
(3,10),81,,"[15,15,6,6,6,6,6,4,4,4]",INTERFERENCE,direct
(3,10),82,,"[10,10,4,4,4,4,3,3,3,3]",DESIGN-INT,direct
(3,10),83,,"[8,8,6,6,6,2,1,1,1,0]",INTERFERENCE,direct
(3,10),84,,"[8,7,7,7,2,2,2,2,1,1]",DESIGN-INT,direct
(3,10),85,,"[3,3,3,3,1,1,1,0,0,0]",DESIGN-INT,direct
(3,10),86,,"[6,6,5,5,4,1,1,1,1,0]",INTERFERENCE,direct
(3,10),87,,"[6,6,3,3,3,3,3,3,0,0]",DESIGN-INT,direct
(3,10),88,,"[9,8,8,8,3,3,3,3,0,0]",INTERFERENCE,direct
(3,10),89,,"[15,15,6,6,6,6,6,6,6,6]",INTERFERENCE,direct
(3,10),90,,"[4,4,4,4,2,1,1,1,0,0]",INTERFERENCE,direct
(3,10),91,,"[4,4,4,4,1,1,1,1,1,0]",DESIGN-INT,direct
(3,10),92,,"[12,11,11,11,3,3,3,3,3,3]",INTERFERENCE,direct
(3,10),93,,"[9,9,9,9,4,4,2,2,0,0]",INTERFERENCE,direct
(3,10),94,,"[9,9,9,9,3,3,2,2,1,1]",DESIGN-INT,direct
(3,10),95,,"[10,10,10,10,4,4,3,3,0,0]",INTERFERENCE,direct
(3,10),96,,"[5,5,5,5,2,1,1,1,1,1]",INTERFERENCE,direct
(3,10),97,,"[10,10,10,10,3,3,3,3,1,1]",INTERFERENCE,direct
(3,10),98,,"[11,11,11,11,4,4,2,2,2,2]",INTERFERENCE,direct
(3,10),99,,"[11,11,11,11,3,3,3,3,2,2]",INTERFERENCE,direct
(3,10),100,,"[6,6,6,6,4,2,1,1,1,0]",INTERFERENCE,direct
(3,10),101,,"[13,13,13,13,4,4,3,3,3,3]",INTERFERENCE,direct
(3,10),102,,"[15,15,15,15,6,6,6,6,0,0]",INTERFERENCE,direct
(3,10),103,,"[18,18,18,18,5,5,5,5,5,5]",INTERFERENCE,direct
(3,10),104,,"[1,1,1,1,1,1,0,0,0,0]",DESIGN-INT,direct
(3,10),105,,"[2,2,2,2,2,1,1,0,0,0]",DESIGN-INT,direct
(3,10),106,,"[3,3,3,3,3,1,1,1,0,0]",DESIGN-REAL,direct
(3,10),107,,"[4,4,4,4,4,1,1,1,1,0]",DESIGN-INT,direct
(3,10),108,,"[5,5,5,5,5,1,1,1,1,1]",INTERFERENCE,direct
(3,10),109,,"[3,3,3,3,3,3,3,0,0,0]",DESIGN-INT,direct
(3,10),110,,"[3,3,3,3,3,3,3,3,0,0]",DESIGN-INT,direct
(3,10),111,,"[1,1,1,1,1,1,1,1,1,0]",DESIGN-INT,direct
(3,10),112,,"[3,3,3,3,3,3,3,3,3,3]",DESIGN-INT,direct
(4,10),0,,"[1,1,1,1,0,0,0,0,0,0]",DESIGN-INT,direct
(4,10),1,,"[2,2,1,1,1,1,0,0,0,0]",DESIGN-INT,direct
(4,10),2,,"[3,3,1,1,1,1,1,1,0,0]",DESIGN-INT,direct
(4,10),3,,"[4,4,1,1,1,1,1,1,1,1]",DESIGN-INT,direct
(4,10),4,,"[7,6,3,3,3,2,2,1,1,0]",DESIGN-INT,direct
(4,10),5,,"[6,5,3,2,2,2,2,1,1,0]",DESIGN-INT,direct
(4,10),6,,"[5,4,3,2,2,1,1,1,1,0]",DESIGN-INT,direct
(4,10),7,,"[15,12,6,6,5,5,5,3,3,0]",DESIGN-INT,direct
(4,10),8,,"[14,11,6,6,5,5,5,2,2,0]",DESIGN-INT,direct
(4,10),9,,"[13,10,6,6,6,4,4,1,1,1]",INTERFERENCE,direct
(4,10),10,,"[4,3,3,2,2,1,1,0,0,0]",DESIGN-INT,direct
(4,10),11,,"[12,9,6,6,6,3,3,1,1,1]",INTERFERENCE,direct
(4,10),12,,"[12,9,6,4,4,4,3,3,3,0]",DESIGN-INT,direct
(4,10),13,,"[12,9,5,5,5,3,3,3,3,0]",INTERFERENCE,direct
(4,10),14,,"[16,12,6,6,6,6,6,3,3,0]",DESIGN-INT,direct
(4,10),15,,"[11,8,7,5,5,2,2,2,1,1]",DESIGN-INT,direct
(4,10),16,,"[11,8,6,4,4,4,4,1,1,1]",INTERFERENCE,direct
(4,10),17,,"[7,5,5,3,3,3,1,1,0,0]",DESIGN-INT,direct
(4,10),18,,"[7,5,5,3,3,2,1,1,1,0]",DESIGN-INT,direct
(4,10),19,,"[10,7,7,4,4,4,2,1,1,0]",INTERFERENCE,direct
(4,10),20,,"[10,7,7,4,4,4,1,1,1,1]",DESIGN-INT,direct
(4,10),21,,"[10,7,7,4,4,2,2,2,1,1]",DESIGN-INT,direct
(4,10),22,,"[10,7,5,5,5,2,2,2,2,0]",INTERFERENCE,direct
(4,10),23,,"[13,9,9,6,6,3,2,2,1,1]",DESIGN-INT,direct
(4,10),24,,"[13,9,9,5,5,3,3,3,2,0]",DESIGN-INT,direct
(4,10),25,,"[16,11,11,6,6,4,4,3,3,0]",DESIGN-INT,direct
(4,10),26,,"[19,13,13,7,7,4,4,4,4,1]",DESIGN-INT,direct
(4,10),27,,"[6,4,4,3,3,1,1,1,1,0]",DESIGN-INT,direct
(4,10),28,,"[9,6,6,4,4,4,1,1,1,0]",INTERFERENCE,direct
(4,10),29,,"[12,8,8,5,5,2,2,2,2,2]",DESIGN-INT,direct
(4,10),30,,"[15,10,10,6,6,6,4,1,1,1]",INTERFERENCE,direct
(4,10),31,,"[18,12,12,7,7,4,4,4,4,0]",INTERFERENCE,direct
(4,10),32,,"[3,2,2,1,1,1,1,1,0,0]",DESIGN-INT,direct
(4,10),33,,"[6,4,4,2,2,2,2,1,1,0]",DESIGN-INT,direct
(4,10),34,,"[9,6,6,3,3,3,3,1,1,1]",INTERFERENCE,direct
(4,10),35,,"[9,6,6,3,3,3,2,2,2,0]",DESIGN-INT,direct
(4,10),36,,"[9,6,5,5,5,2,2,1,1,0]",INTERFERENCE,direct
(4,10),37,,"[15,10,8,8,8,4,4,1,1,1]",INTERFERENCE,direct
(4,10),38,,"[3,2,1,1,1,1,1,1,1,0]",DESIGN-INT,direct
(4,10),39,,"[8,5,5,2,2,2,2,2,2,2]",DESIGN-INT,direct
(4,10),40,,"[13,8,8,6,6,6,2,1,1,1]",INTERFERENCE,direct
(4,10),41,,"[5,3,3,3,3,1,1,1,0,0]",DESIGN-INT,direct
(4,10),42,,"[10,6,6,5,5,4,1,1,1,1]",INTERFERENCE,direct
(4,10),43,,"[10,6,6,3,3,3,3,3,3,0]",DESIGN-INT,direct
(4,10),44,,"[15,9,8,8,8,3,3,3,3,0]",INTERFERENCE,direct
(4,10),45,,"[7,4,4,4,4,2,1,1,1,0]",INTERFERENCE,direct
(4,10),46,,"[7,4,4,4,4,1,1,1,1,1]",DESIGN-INT,direct
(4,10),47,,"[16,9,9,9,9,4,4,2,2,0]",INTERFERENCE,direct
(4,10),48,,"[18,10,10,10,10,4,4,3,3,0]",INTERFERENCE,direct
(4,10),49,,"[11,6,6,6,6,4,2,1,1,1]",INTERFERENCE,direct
(4,10),50,,"[28,15,15,15,15,6,6,6,6,0]",INTERFERENCE,direct
(4,10),51,,"[2,1,1,1,1,1,1,0,0,0]",DESIGN-INT,direct
(4,10),52,,"[4,2,2,2,2,2,1,1,0,0]",DESIGN-INT,direct
(4,10),53,,"[6,3,3,3,3,3,1,1,1,0]",DESIGN-REAL,direct
(4,10),54,,"[8,4,4,4,4,4,1,1,1,1]",DESIGN-INT,direct
(4,10),55,,"[7,3,3,3,3,3,3,3,0,0]",DESIGN-INT,direct
(4,10),56,,"[8,3,3,3,3,3,3,3,3,0]",DESIGN-INT,direct
(4,10),57,,"[3,1,1,1,1,1,1,1,1,1]",DESIGN-INT,direct
(4,10),58,,"[20,12,12,12,12,4,4,4,4,0]",INTERFERENCE,direct
(4,10),59,,"[16,12,12,6,6,4,4,4,4,0]",DESIGN-INT,direct
(4,10),60,,"[14,11,11,6,6,6,2,2,2,0]",INTERFERENCE,direct
(4,10),61,,"[14,11,11,6,6,3,3,3,3,0]",DESIGN-INT,direct
(4,10),62,,"[14,9,9,9,9,3,3,2,2,0]",INTERFERENCE,direct
(4,10),63,,"[12,12,6,5,5,4,4,2,2,0]",DESIGN-INT,direct
(4,10),64,,"[11,11,6,5,5,3,3,2,2,0]",DESIGN-INT,direct
(4,10),65,,"[22,22,10,10,10,7,7,4,4,0]",DESIGN-INT,direct
(4,10),66,,"[11,9,9,5,5,5,2,1,1,0]",DESIGN-INT,direct
(4,10),67,,"[11,9,9,5,5,2,2,2,2,1]",DESIGN-INT,direct
(4,10),68,,"[11,8,7,7,7,2,2,2,2,0]",INTERFERENCE,direct
(4,10),69,,"[21,21,10,10,10,7,7,3,3,0]",DESIGN-INT,direct
(4,10),70,,"[10,10,6,5,5,3,3,1,1,0]",DESIGN-INT,direct
(4,10),71,,"[10,10,6,4,4,3,3,2,2,0]",DESIGN-INT,direct
(4,10),72,,"[20,20,10,10,10,6,6,3,3,0]",DESIGN-INT,direct
(4,10),73,,"[10,10,4,4,4,4,4,2,2,0]",DESIGN-INT,direct
(4,10),74,,"[10,8,8,5,5,5,1,1,1,0]",DESIGN-INT,direct
(4,10),75,,"[19,19,10,7,7,7,7,4,4,0]",DESIGN-INT,direct
(4,10),76,,"[9,9,6,4,4,3,3,1,1,0]",DESIGN-INT,direct
(4,10),77,,"[18,18,10,7,7,7,7,3,3,0]",DESIGN-INT,direct
(4,10),78,,"[9,7,6,6,6,2,2,1,1,0]",DESIGN-INT,direct
(4,10),79,,"[8,8,6,4,4,2,2,1,1,0]",DESIGN-INT,direct
(4,10),80,,"[16,16,11,8,8,5,5,1,1,1]",DESIGN-INT,direct
(4,10),81,,"[16,16,10,7,7,4,4,4,4,0]",DESIGN-INT,direct
(4,10),82,,"[16,16,10,6,6,6,6,3,3,0]",DESIGN-INT,direct
(4,10),83,,"[8,8,4,4,4,2,2,2,2,0]",DESIGN-INT,direct
(4,10),84,,"[8,7,7,4,4,3,1,1,1,0]",DESIGN-INT,direct
(4,10),85,,"[8,7,7,4,4,2,1,1,1,1]",DESIGN-INT,direct
(4,10),86,,"[15,15,11,8,8,4,4,1,1,1]",DESIGN-INT,direct
(4,10),87,,"[22,19,19,10,10,4,4,4,4,4]",DESIGN-INT,direct
(4,10),88,,"[14,14,11,7,7,4,4,1,1,1]",DESIGN-INT,direct
(4,10),89,,"[14,14,10,7,7,3,3,3,3,0]",DESIGN-INT,direct
(4,10),90,,"[7,6,6,4,4,1,1,1,1,1]",DESIGN-INT,direct
(4,10),91,,"[14,12,12,7,7,7,2,1,1,1]",DESIGN-INT,direct
(4,10),92,,"[7,5,5,5,5,2,1,1,1,0]",DESIGN-INT,direct
(4,10),93,,"[20,14,14,14,14,4,4,4,4,0]",INTERFERENCE,direct
(4,10),94,,"[13,13,10,6,6,3,3,3,3,0]",DESIGN-INT,direct
(4,10),95,,"[12,12,10,7,7,3,3,1,1,0]",DESIGN-INT,direct
(4,10),96,,"[18,18,15,10,10,5,5,1,1,1]",DESIGN-INT,direct
(4,10),97,,"[6,6,5,3,3,1,1,1,1,1]",DESIGN-INT,direct
(4,10),98,,"[6,6,4,4,4,2,2,0,0,0]",DESIGN-INT,direct
(4,10),99,,"[6,6,4,2,2,2,2,2,2,0]",DESIGN-INT,direct
(4,10),100,,"[6,5,5,4,4,1,1,1,1,0]",DESIGN-INT,direct
(4,10),101,,"[6,5,5,2,2,2,2,2,2,0]",DESIGN-INT,direct
(4,10),102,,"[11,11,10,6,6,3,3,1,1,0]",DESIGN-INT,direct
(4,10),103,,"[11,10,10,6,6,5,1,1,1,1]",DESIGN-INT,direct
(4,10),104,,"[16,15,15,8,8,3,3,3,3,2]",DESIGN-INT,direct
(4,10),105,,"[16,12,12,12,12,4,4,2,2,0]",DESIGN-INT,direct
(4,10),106,,"[5,5,5,3,3,1,1,1,0,0]",DESIGN-INT,direct
(4,10),107,,"[10,10,9,6,6,2,2,1,1,1]",DESIGN-INT,direct
(4,10),108,,"[5,5,2,2,2,2,2,2,2,0]",DESIGN-INT,direct
(4,10),109,,"[9,9,9,5,5,3,2,1,1,0]",DESIGN-INT,direct
(4,10),110,,"[9,9,9,5,5,2,2,1,1,1]",DESIGN-INT,direct
(4,10),111,,"[9,9,8,6,6,2,2,1,1,0]",DESIGN-INT,direct
(4,10),112,,"[9,7,7,7,7,2,2,1,1,1]",DESIGN-INT,direct
(4,10),113,,"[22,22,22,12,12,6,6,3,3,0]",DESIGN-INT,direct
(4,10),114,,"[26,26,26,15,15,7,7,3,3,0]",DESIGN-INT,direct
(4,10),115,,"[13,13,13,7,7,4,2,2,2,1]",DESIGN-INT,direct
(4,10),116,,"[17,17,17,9,9,6,3,3,3,0]",DESIGN-INT,direct
(4,10),117,,"[17,17,17,9,9,4,3,3,3,2]",DESIGN-INT,direct
(4,10),118,,"[25,25,25,13,13,7,4,4,4,4]",DESIGN-INT,direct
(4,10),119,,"[25,25,22,16,16,4,4,4,4,4]",DESIGN-INT,direct
(4,10),120,,"[29,29,29,15,15,6,6,6,6,3]",DESIGN-INT,direct
(4,10),121,,"[8,8,8,5,5,3,1,1,1,0]",DESIGN-INT,direct
(4,10),122,,"[8,8,8,5,5,2,1,1,1,1]",DESIGN-INT,direct
(4,10),123,,"[12,12,12,7,7,5,2,1,1,1]",DESIGN-INT,direct
(4,10),124,,"[12,12,12,7,7,2,2,2,2,2]",DESIGN-INT,direct
(4,10),125,,"[4,4,4,2,2,2,2,0,0,0]",DESIGN-INT,direct
(4,10),126,,"[4,4,4,2,2,2,1,1,0,0]",DESIGN-INT,direct
(4,10),127,,"[12,12,12,6,6,6,2,2,2,0]",DESIGN-INT,direct
(4,10),128,,"[8,8,8,4,4,4,1,1,1,1]",DESIGN-INT,direct
(4,10),129,,"[4,4,4,2,2,1,1,1,1,0]",DESIGN-INT,direct
(4,10),130,,"[20,20,20,10,10,4,4,4,4,4]",DESIGN-INT,direct
(4,10),131,,"[12,12,11,8,8,2,2,2,2,1]",DESIGN-INT,direct
(4,10),132,,"[16,16,14,11,11,3,3,3,3,0]",DESIGN-INT,direct
(4,10),133,,"[4,4,3,3,3,1,1,1,0,0]",DESIGN-INT,direct
(4,10),134,,"[8,7,7,6,6,2,1,1,1,1]",DESIGN-INT,direct
(4,10),135,,"[34,34,34,22,22,7,7,4,4,4]",DESIGN-INT,direct
(4,10),136,,"[15,15,15,10,10,3,3,2,2,1]",DESIGN-INT,direct
(4,10),137,,"[22,22,22,15,15,5,5,3,3,0]",DESIGN-INT,direct
(4,10),138,,"[7,7,7,5,5,2,1,1,1,0]",DESIGN-INT,direct
(4,10),139,,"[28,28,28,19,19,5,5,5,5,2]",DESIGN-INT,direct
(4,10),140,,"[7,7,7,3,3,3,3,3,0,0]",DESIGN-INT,direct
(4,10),141,,"[10,10,10,7,7,2,2,2,2,0]",DESIGN-REAL,direct
(4,10),142,,"[10,10,8,8,8,2,2,2,2,0]",DESIGN-INT,direct
(4,10),143,,"[16,16,16,12,12,4,4,2,2,0]",DESIGN-INT,direct
(4,10),144,,"[16,16,16,6,6,6,6,6,6,0]",DESIGN-INT,direct
(4,10),145,,"[9,9,9,7,7,2,2,1,1,1]",DESIGN-INT,direct
(4,10),146,,"[12,12,12,9,9,2,2,2,2,2]",DESIGN-INT,direct
(4,10),147,,"[3,3,3,1,1,1,1,1,1,1]",DESIGN-INT,direct
(4,10),148,,"[6,6,5,5,5,1,1,1,1,1]",DESIGN-INT,direct
(4,10),149,,"[3,3,2,2,2,2,2,0,0,0]",DESIGN-INT,direct
(4,10),150,,"[2,2,2,2,2,2,0,0,0,0]",DESIGN-INT,direct
(4,10),151,,"[2,2,2,2,2,1,1,0,0,0]",DESIGN-INT,direct
(4,10),152,,"[6,6,6,6,6,2,2,2,0,0]",DESIGN-INT,direct
(4,10),153,,"[4,4,4,4,4,1,1,1,1,0]",DESIGN-INT,direct
(4,10),154,,"[10,10,10,10,10,2,2,2,2,2]",DESIGN-INT,direct
(4,10),155,,"[4,4,4,4,4,4,4,0,0,0]",DESIGN-INT,direct
(4,10),156,,"[1,1,1,1,1,1,1,1,0,0]",DESIGN-INT,direct
(4,10),157,,"[4,4,4,4,4,4,4,4,4,0]",DESIGN-INT,direct
(4,10),158,,"[2,2,2,2,2,2,2,2,2,2]",DESIGN-INT,direct
(5,10),0,,"[1,1,1,1,1,0,0,0,0,0]",DESIGN-INT,direct
(5,10),1,,"[2,2,2,1,1,1,1,0,0,0]",DESIGN-INT,direct
(5,10),2,,"[3,3,3,1,1,1,1,1,1,0]",DESIGN-INT,direct
(5,10),3,,"[7,7,6,3,3,3,2,2,1,1]",DESIGN-INT,direct
(5,10),4,,"[6,6,5,3,2,2,2,2,1,1]",DESIGN-INT,direct
(5,10),5,,"[5,5,4,3,2,2,1,1,1,1]",DESIGN-INT,direct
(5,10),6,,"[15,15,12,6,6,5,5,5,3,3]",DESIGN-INT,direct
(5,10),7,,"[14,14,11,6,6,5,5,5,2,2]",DESIGN-INT,direct
(5,10),8,,"[4,4,3,3,2,2,1,1,0,0]",DESIGN-INT,direct
(5,10),9,,"[12,12,9,6,4,4,4,3,3,3]",DESIGN-INT,direct
(5,10),10,,"[12,12,9,5,5,5,3,3,3,3]",INTERFERENCE,direct
(5,10),11,,"[16,16,12,6,6,6,6,6,3,3]",DESIGN-INT,direct
(5,10),12,,"[7,7,5,5,3,3,3,1,1,0]",DESIGN-INT,direct
(5,10),13,,"[7,7,5,5,3,3,2,1,1,1]",DESIGN-INT,direct
(5,10),14,,"[10,10,7,7,4,4,4,2,1,1]",INTERFERENCE,direct
(5,10),15,,"[10,10,7,5,5,5,2,2,2,2]",INTERFERENCE,direct
(5,10),16,,"[13,13,9,9,5,5,3,3,3,2]",DESIGN-INT,direct
(5,10),17,,"[16,16,11,11,6,6,4,4,3,3]",DESIGN-INT,direct
(5,10),18,,"[6,6,4,4,3,3,1,1,1,1]",DESIGN-INT,direct
(5,10),19,,"[9,9,6,6,4,4,4,1,1,1]",INTERFERENCE,direct
(5,10),20,,"[18,18,12,12,7,7,4,4,4,4]",INTERFERENCE,direct
(5,10),21,,"[3,3,2,2,1,1,1,1,1,0]",DESIGN-INT,direct
(5,10),22,,"[6,6,4,4,2,2,2,2,1,1]",DESIGN-INT,direct
(5,10),23,,"[9,9,6,6,3,3,3,2,2,2]",DESIGN-INT,direct
(5,10),24,,"[9,9,6,5,5,5,2,2,1,1]",INTERFERENCE,direct
(5,10),25,,"[3,3,2,1,1,1,1,1,1,1]",DESIGN-INT,direct
(5,10),26,,"[5,5,3,3,3,3,1,1,1,0]",DESIGN-INT,direct
(5,10),27,,"[10,10,6,6,3,3,3,3,3,3]",DESIGN-INT,direct
(5,10),28,,"[15,15,9,8,8,8,3,3,3,3]",INTERFERENCE,direct
(5,10),29,,"[7,7,4,4,4,4,2,1,1,1]",INTERFERENCE,direct
(5,10),30,,"[16,16,9,9,9,9,4,4,2,2]",INTERFERENCE,direct
(5,10),31,,"[18,18,10,10,10,10,4,4,3,3]",INTERFERENCE,direct
(5,10),32,,"[28,28,15,15,15,15,6,6,6,6]",INTERFERENCE,direct
(5,10),33,,"[2,2,1,1,1,1,1,1,0,0]",DESIGN-INT,direct
(5,10),34,,"[4,4,2,2,2,2,2,1,1,0]",DESIGN-INT,direct
(5,10),35,,"[6,6,3,3,3,3,3,1,1,1]",DESIGN-REAL,direct
(5,10),36,,"[7,7,3,3,3,3,3,3,3,0]",DESIGN-INT,direct
(5,10),37,,"[8,8,3,3,3,3,3,3,3,3]",DESIGN-INT,direct
(5,10),38,,"[21,20,12,12,12,12,4,4,4,4]",INTERFERENCE,direct
(5,10),39,,"[17,16,12,12,6,6,4,4,4,4]",DESIGN-INT,direct
(5,10),40,,"[15,14,11,11,6,6,6,2,2,2]",INTERFERENCE,direct
(5,10),41,,"[15,14,11,11,6,6,3,3,3,3]",DESIGN-INT,direct
(5,10),42,,"[15,14,9,9,9,9,3,3,2,2]",INTERFERENCE,direct
(5,10),43,,"[13,12,12,6,5,5,4,4,2,2]",DESIGN-INT,direct
(5,10),44,,"[12,11,11,6,5,5,3,3,2,2]",DESIGN-INT,direct
(5,10),45,,"[24,22,22,10,10,10,7,7,4,4]",DESIGN-INT,direct
(5,10),46,,"[12,11,9,9,5,5,5,2,1,1]",DESIGN-INT,direct
(5,10),47,,"[12,11,8,7,7,7,2,2,2,2]",INTERFERENCE,direct
(5,10),48,,"[23,21,21,10,10,10,7,7,3,3]",DESIGN-INT,direct
(5,10),49,,"[11,10,10,6,5,5,3,3,1,1]",DESIGN-INT,direct
(5,10),50,,"[11,10,10,6,4,4,3,3,2,2]",DESIGN-INT,direct
(5,10),51,,"[22,20,20,10,10,10,6,6,3,3]",DESIGN-INT,direct
(5,10),52,,"[11,10,10,4,4,4,4,4,2,2]",DESIGN-INT,direct
(5,10),53,,"[11,10,8,8,5,5,5,1,1,1]",DESIGN-INT,direct
(5,10),54,,"[21,19,19,10,7,7,7,7,4,4]",DESIGN-INT,direct
(5,10),55,,"[10,9,9,6,4,4,3,3,1,1]",DESIGN-INT,direct
(5,10),56,,"[20,18,18,10,7,7,7,7,3,3]",DESIGN-INT,direct
(5,10),57,,"[10,9,7,6,6,6,2,2,1,1]",DESIGN-INT,direct
(5,10),58,,"[9,8,8,6,4,4,2,2,1,1]",DESIGN-INT,direct
(5,10),59,,"[18,16,16,10,7,7,4,4,4,4]",DESIGN-INT,direct
(5,10),60,,"[18,16,16,10,6,6,6,6,3,3]",DESIGN-INT,direct
(5,10),61,,"[9,8,8,4,4,4,2,2,2,2]",DESIGN-INT,direct
(5,10),62,,"[9,8,7,7,4,4,3,1,1,1]",DESIGN-INT,direct
(5,10),63,,"[16,14,14,10,7,7,3,3,3,3]",DESIGN-INT,direct
(5,10),64,,"[8,7,5,5,5,5,2,1,1,1]",DESIGN-INT,direct
(5,10),65,,"[23,20,14,14,14,14,4,4,4,4]",INTERFERENCE,direct
(5,10),66,,"[15,13,13,10,6,6,3,3,3,3]",DESIGN-INT,direct
(5,10),67,,"[14,12,12,10,7,7,3,3,1,1]",DESIGN-INT,direct
(5,10),68,,"[7,6,6,4,4,4,2,2,0,0]",DESIGN-INT,direct
(5,10),69,,"[7,6,6,4,2,2,2,2,2,2]",DESIGN-INT,direct
(5,10),70,,"[7,6,5,5,4,4,1,1,1,1]",DESIGN-INT,direct
(5,10),71,,"[7,6,5,5,2,2,2,2,2,2]",DESIGN-INT,direct
(5,10),72,,"[13,11,11,10,6,6,3,3,1,1]",DESIGN-INT,direct
(5,10),73,,"[19,16,12,12,12,12,4,4,2,2]",DESIGN-INT,direct
(5,10),74,,"[6,5,5,5,3,3,1,1,1,0]",DESIGN-INT,direct
(5,10),75,,"[6,5,5,2,2,2,2,2,2,2]",DESIGN-INT,direct
(5,10),76,,"[11,9,9,9,5,5,3,2,1,1]",DESIGN-INT,direct
(5,10),77,,"[11,9,9,8,6,6,2,2,1,1]",DESIGN-INT,direct
(5,10),78,,"[27,22,22,22,12,12,6,6,3,3]",DESIGN-INT,direct
(5,10),79,,"[32,26,26,26,15,15,7,7,3,3]",DESIGN-INT,direct
(5,10),80,,"[21,17,17,17,9,9,6,3,3,3]",DESIGN-INT,direct
(5,10),81,,"[10,8,8,8,5,5,3,1,1,1]",DESIGN-INT,direct
(5,10),82,,"[5,4,4,4,2,2,2,2,0,0]",DESIGN-INT,direct
(5,10),83,,"[5,4,4,4,2,2,2,1,1,0]",DESIGN-INT,direct
(5,10),84,,"[15,12,12,12,6,6,6,2,2,2]",DESIGN-INT,direct
(5,10),85,,"[5,4,4,4,2,2,1,1,1,1]",DESIGN-INT,direct
(5,10),86,,"[20,16,16,14,11,11,3,3,3,3]",DESIGN-INT,direct
(5,10),87,,"[5,4,4,3,3,3,1,1,1,0]",DESIGN-INT,direct
(5,10),88,,"[28,22,22,22,15,15,5,5,3,3]",DESIGN-INT,direct
(5,10),89,,"[9,7,7,7,5,5,2,1,1,1]",DESIGN-INT,direct
(5,10),90,,"[9,7,7,7,3,3,3,3,3,0]",DESIGN-INT,direct
(5,10),91,,"[13,10,10,10,7,7,2,2,2,2]",DESIGN-REAL,direct
(5,10),92,,"[13,10,10,8,8,8,2,2,2,2]",DESIGN-INT,direct
(5,10),93,,"[21,16,16,16,12,12,4,4,2,2]",DESIGN-INT,direct
(5,10),94,,"[21,16,16,16,6,6,6,6,6,6]",DESIGN-INT,direct
(5,10),95,,"[4,3,3,2,2,2,2,2,0,0]",DESIGN-INT,direct
(5,10),96,,"[3,2,2,2,2,2,2,0,0,0]",DESIGN-INT,direct
(5,10),97,,"[3,2,2,2,2,2,1,1,0,0]",DESIGN-INT,direct
(5,10),98,,"[9,6,6,6,6,6,2,2,2,0]",DESIGN-INT,direct
(5,10),99,,"[6,4,4,4,4,4,1,1,1,1]",DESIGN-INT,direct
(5,10),100,,"[7,4,4,4,4,4,4,4,0,0]",DESIGN-INT,direct
(5,10),101,,"[2,1,1,1,1,1,1,1,1,0]",DESIGN-INT,direct
(5,10),102,,"[9,4,4,4,4,4,4,4,4,4]",DESIGN-INT,direct
(5,10),103,,"[31,31,23,23,12,12,7,7,7,7]",DESIGN-INT,direct
(5,10),104,,"[24,24,22,9,9,9,9,9,5,5]",DESIGN-INT,direct
(5,10),105,,"[23,23,21,9,9,9,9,9,4,4]",DESIGN-INT,direct
(5,10),106,,"[23,23,17,17,8,8,6,6,6,6]",DESIGN-INT,direct
(5,10),107,,"[22,22,21,9,9,8,8,8,4,4]",DESIGN-INT,direct
(5,10),108,,"[22,22,17,17,10,10,10,3,2,2]",DESIGN-INT,direct
(5,10),109,,"[19,19,15,15,9,9,8,2,2,2]",DESIGN-INT,direct
(5,10),110,,"[17,17,17,9,7,7,5,5,3,3]",DESIGN-INT,direct
(5,10),111,,"[17,17,17,7,7,7,6,6,3,3]",DESIGN-INT,direct
(5,10),112,,"[34,34,33,13,13,13,13,13,7,7]",DESIGN-INT,direct
(5,10),113,,"[17,17,16,8,8,8,4,4,4,4]",INTERFERENCE,direct
(5,10),114,,"[17,17,11,11,11,11,3,3,3,3]",INTERFERENCE,direct
(5,10),115,,"[33,33,32,13,13,13,13,13,6,6]",DESIGN-INT,direct
(5,10),116,,"[16,16,16,9,7,7,5,5,2,2]",DESIGN-INT,direct
(5,10),117,,"[16,16,16,7,6,6,6,6,3,3]",DESIGN-INT,direct
(5,10),118,,"[16,16,14,9,5,5,5,5,5,5]",DESIGN-INT,direct
(5,10),119,,"[16,16,13,13,7,7,7,4,1,1]",DESIGN-INT,direct
(5,10),120,,"[16,16,13,13,7,7,7,2,2,2]",DESIGN-INT,direct
(5,10),121,,"[16,16,13,10,10,10,4,4,1,1]",DESIGN-INT,direct
(5,10),122,,"[15,15,15,9,7,7,4,4,2,2]",DESIGN-INT,direct
(5,10),123,,"[15,15,15,7,7,7,4,4,3,3]",DESIGN-INT,direct
(5,10),124,,"[45,45,45,18,18,17,17,17,9,9]",DESIGN-INT,direct
(5,10),125,,"[15,15,14,9,5,5,5,4,4,4]",DESIGN-INT,direct
(5,10),126,,"[15,15,10,10,10,10,3,3,2,2]",DESIGN-INT,direct
(5,10),127,,"[44,44,44,18,18,17,17,17,8,8]",DESIGN-INT,direct
(5,10),128,,"[14,14,14,9,6,6,4,4,2,2]",DESIGN-INT,direct
(5,10),129,,"[56,56,56,22,22,22,22,22,11,11]",DESIGN-INT,direct
(5,10),130,,"[70,70,70,27,27,27,27,27,15,15]",DESIGN-INT,direct
(5,10),131,,"[14,14,10,10,9,9,3,2,2,2]",DESIGN-INT,direct
(5,10),132,,"[67,67,67,27,27,27,27,27,12,12]",DESIGN-INT,direct
(5,10),133,,"[13,13,13,7,7,7,4,4,1,1]",DESIGN-INT,direct
(5,10),134,,"[13,13,13,7,6,6,3,3,3,3]",DESIGN-INT,direct
(5,10),135,,"[13,13,11,11,7,7,4,2,2,0]",DESIGN-INT,direct
(5,10),136,,"[13,13,11,9,4,4,4,4,4,4]",DESIGN-INT,direct
(5,10),137,,"[13,13,10,10,7,7,7,1,1,1]",DESIGN-INT,direct
(5,10),138,,"[13,13,10,10,4,4,4,4,4,4]",DESIGN-INT,direct
(5,10),139,,"[12,12,12,7,4,4,4,4,3,3]",DESIGN-INT,direct
(5,10),140,,"[36,36,36,17,17,17,9,9,9,9]",INTERFERENCE,direct
(5,10),141,,"[12,12,10,10,7,7,3,2,2,0]",DESIGN-INT,direct
(5,10),142,,"[12,12,9,8,8,8,2,2,2,2]",DESIGN-INT,direct
(5,10),143,,"[23,22,16,16,16,16,4,4,4,4]",DESIGN-INT,direct
(5,10),144,,"[34,34,34,17,17,17,8,8,8,8]",INTERFERENCE,direct
(5,10),145,,"[11,11,11,7,4,4,3,3,3,3]",DESIGN-INT,direct
(5,10),146,,"[22,22,21,13,7,7,7,7,7,7]",DESIGN-INT,direct
(5,10),147,,"[11,11,10,7,7,7,3,3,1,0]",DESIGN-INT,direct
(5,10),148,,"[21,21,20,13,13,13,6,6,1,1]",DESIGN-INT,direct
(5,10),149,,"[10,10,10,7,4,4,4,4,1,1]",DESIGN-INT,direct
(5,10),150,,"[10,10,10,6,6,6,3,3,1,0]",DESIGN-INT,direct
(5,10),151,,"[30,30,30,18,10,10,10,9,9,9]",DESIGN-INT,direct
(5,10),152,,"[10,10,9,9,5,5,3,2,2,0]",DESIGN-INT,direct
(5,10),153,,"[10,10,9,8,6,6,2,2,2,0]",DESIGN-INT,direct
(5,10),154,,"[10,10,8,8,6,6,5,1,1,0]",DESIGN-INT,direct
(5,10),155,,"[10,10,7,7,7,7,4,1,1,1]",DESIGN-INT,direct
(5,10),156,,"[30,30,21,21,21,21,6,5,5,5]",DESIGN-INT,direct
(5,10),157,,"[29,29,25,25,17,17,6,6,6,0]",DESIGN-INT,direct
(5,10),158,,"[29,29,21,21,20,20,5,5,5,5]",DESIGN-INT,direct
(5,10),159,,"[19,19,18,13,6,6,6,6,6,6]",DESIGN-INT,direct
(5,10),160,,"[19,19,17,17,9,9,5,5,5,0]",DESIGN-INT,direct
(5,10),161,,"[46,46,46,27,15,15,15,15,15,15]",DESIGN-INT,direct
(5,10),162,,"[9,9,9,7,5,5,2,2,2,0]",DESIGN-INT,direct
(5,10),163,,"[18,18,18,12,11,11,5,5,1,1]",DESIGN-INT,direct
(5,10),164,,"[27,27,27,18,9,9,9,8,8,8]",DESIGN-INT,direct
(5,10),165,,"[9,9,8,8,4,4,4,3,1,0]",DESIGN-INT,direct
(5,10),166,,"[9,9,8,6,6,6,3,3,0,0]",INTERFERENCE,direct
(5,10),167,,"[9,9,7,7,6,6,4,1,1,0]",DESIGN-INT,direct
(5,10),168,,"[34,34,34,22,11,11,11,11,11,11]",DESIGN-INT,direct
(5,10),169,,"[17,17,15,15,7,7,7,7,3,0]",DESIGN-INT,direct
(5,10),170,,"[25,25,23,23,13,13,6,6,6,0]",DESIGN-INT,direct
(5,10),171,,"[50,50,36,36,36,36,9,9,9,9]",INTERFERENCE,direct
(5,10),172,,"[8,8,8,7,4,4,2,2,2,0]",DESIGN-INT,direct
(5,10),173,,"[8,8,8,6,5,5,2,2,1,0]",DESIGN-INT,direct
(5,10),174,,"[8,8,8,5,5,5,3,3,0,0]",INTERFERENCE,direct
(5,10),175,,"[8,8,8,3,3,3,3,3,3,3]",DESIGN-INT,direct
(5,10),176,,"[8,8,7,7,5,5,3,1,1,0]",DESIGN-INT,direct
(5,10),177,,"[24,24,21,21,15,15,5,5,5,0]",DESIGN-INT,direct
(5,10),178,,"[8,8,7,7,4,4,4,3,0,0]",INTERFERENCE,direct
(5,10),179,,"[15,15,15,10,10,10,4,4,1,1]",DESIGN-INT,direct
(5,10),180,,"[15,15,12,12,10,10,8,1,1,1]",DESIGN-INT,direct
(5,10),181,,"[37,37,37,27,12,12,12,12,12,12]",DESIGN-INT,direct
(5,10),182,,"[7,7,7,7,4,4,1,1,1,1]",DESIGN-INT,direct
(5,10),183,,"[7,7,7,6,3,3,3,3,1,0]",DESIGN-INT,direct
(5,10),184,,"[14,14,13,13,6,6,6,6,1,1]",DESIGN-INT,direct
(5,10),185,,"[14,14,12,12,9,9,7,1,1,1]",DESIGN-INT,direct
(5,10),186,,"[14,14,12,12,7,7,7,7,0,0]",INTERFERENCE,direct
(5,10),187,,"[20,20,16,16,13,13,13,2,2,0]",DESIGN-INT,direct
(5,10),188,,"[13,13,13,12,6,6,5,5,1,1]",DESIGN-INT,direct
(5,10),189,,"[13,13,13,9,9,9,4,4,1,0]",INTERFERENCE,direct
(5,10),190,,"[13,13,13,9,9,9,3,3,3,0]",DESIGN-INT,direct
(5,10),191,,"[13,13,12,12,6,6,6,6,1,0]",INTERFERENCE,direct
(5,10),192,,"[13,13,11,11,9,9,6,1,1,1]",DESIGN-INT,direct
(5,10),193,,"[19,19,16,16,12,12,12,2,2,0]",DESIGN-INT,direct
(5,10),194,,"[6,6,6,6,3,3,2,2,1,0]",DESIGN-INT,direct
(5,10),195,,"[6,6,6,5,4,4,2,2,0,0]",DESIGN-INT,direct
(5,10),196,,"[18,18,18,15,12,12,4,4,4,0]",DESIGN-INT,direct
(5,10),197,,"[6,6,6,5,3,3,3,3,0,0]",INTERFERENCE,direct
(5,10),198,,"[6,6,5,5,4,4,4,1,0,0]",DESIGN-INT,direct
(5,10),199,,"[12,12,9,9,9,8,8,3,0,0]",DESIGN-INT,direct
(5,10),200,,"[17,17,17,17,9,9,6,4,4,0]",DESIGN-INT,direct
(5,10),201,,"[17,17,13,13,13,13,10,2,2,0]",DESIGN-INT,direct
(5,10),202,,"[28,28,28,27,12,12,12,12,3,3]",DESIGN-INT,direct
(5,10),203,,"[11,11,11,11,6,6,3,3,3,0]",DESIGN-REAL,direct
(5,10),204,,"[11,11,11,11,5,5,5,4,1,1]",DESIGN-INT,direct
(5,10),205,,"[11,11,11,11,5,5,5,3,3,0]",DESIGN-INT,direct
(5,10),206,,"[11,11,11,11,5,5,5,2,2,2]",DESIGN-INT,direct
(5,10),207,,"[11,11,11,8,8,8,2,2,2,2]",DESIGN-INT,direct
(5,10),208,,"[11,11,9,9,8,8,7,1,1,0]",DESIGN-INT,direct
(5,10),209,,"[11,10,10,10,8,8,4,4,0,0]",DESIGN-INT,direct
(5,10),210,,"[27,27,27,27,12,12,11,11,3,3]",DESIGN-INT,direct
(5,10),211,,"[21,21,21,21,9,9,9,9,3,2]",DESIGN-INT,direct
(5,10),212,,"[47,47,47,47,20,20,20,20,6,6]",INTERFERENCE,direct
(5,10),213,,"[5,5,5,5,3,3,2,2,0,0]",DESIGN-INT,direct
(5,10),214,,"[10,10,10,10,5,5,5,4,1,0]",INTERFERENCE,direct
(5,10),215,,"[15,15,15,15,7,7,7,7,1,1]",INTERFERENCE,direct
(5,10),216,,"[5,5,5,5,2,2,2,2,2,0]",DESIGN-INT,direct
(5,10),217,,"[5,5,5,3,3,3,3,3,0,0]",DESIGN-REAL,direct
(5,10),218,,"[15,15,14,14,8,8,8,8,0,0]",INTERFERENCE,direct
(5,10),219,,"[10,10,9,9,7,7,6,1,1,0]",DESIGN-INT,direct
(5,10),220,,"[15,15,13,13,11,11,9,1,1,1]",DESIGN-INT,direct
(5,10),221,,"[20,20,17,17,14,14,14,2,2,0]",DESIGN-INT,direct
(5,10),222,,"[5,5,4,4,4,4,3,1,0,0]",DESIGN-INT,direct
(5,10),223,,"[15,15,12,12,12,12,8,2,2,0]",DESIGN-INT,direct
(5,10),224,,"[5,5,4,4,4,4,2,2,0,0]",DESIGN-INT,direct
(5,10),225,,"[15,15,12,12,11,11,11,1,1,1]",DESIGN-INT,direct
(5,10),226,,"[20,20,15,15,15,15,15,3,1,1]",DESIGN-INT,direct
(5,10),227,,"[60,60,45,45,45,45,45,5,5,5]",DESIGN-INT,direct
(5,10),228,,"[39,39,30,30,30,29,29,3,3,3]",DESIGN-INT,direct
(5,10),229,,"[29,29,22,22,22,22,22,3,2,2]",DESIGN-INT,direct
(5,10),230,,"[19,19,19,19,9,9,9,9,3,0]",INTERFERENCE,direct
(5,10),231,,"[19,19,15,15,15,14,14,2,1,1]",DESIGN-INT,direct
(5,10),232,,"[14,14,11,11,11,11,10,1,1,1]",DESIGN-INT,direct
(5,10),233,,"[23,23,23,23,8,8,8,8,8,8]",DESIGN-INT,direct
(5,10),234,,"[9,9,8,8,7,7,5,1,1,0]",DESIGN-INT,direct
(5,10),235,,"[9,9,7,7,7,7,7,1,1,0]",DESIGN-INT,direct
(5,10),236,,"[49,49,38,38,38,38,38,4,4,4]",DESIGN-INT,direct
(5,10),237,,"[13,13,13,13,9,9,6,2,2,0]",DESIGN-INT,direct
(5,10),238,,"[13,13,12,12,10,10,5,5,0,0]",DESIGN-INT,direct
(5,10),239,,"[13,13,12,12,9,9,9,1,1,1]",DESIGN-INT,direct
(5,10),240,,"[39,39,31,31,31,30,30,3,3,3]",DESIGN-INT,direct
(5,10),241,,"[13,13,10,10,10,10,10,4,0,0]",DESIGN-INT,direct
(5,10),242,,"[17,17,17,17,9,9,9,9,1,0]",INTERFERENCE,direct
(5,10),243,,"[17,17,14,14,14,14,11,2,2,0]",DESIGN-INT,direct
(5,10),244,,"[29,29,23,23,23,23,23,3,2,2]",DESIGN-INT,direct
(5,10),245,,"[4,4,4,4,3,3,2,1,0,0]",DESIGN-INT,direct
(5,10),246,,"[12,12,12,12,9,9,5,2,2,0]",DESIGN-INT,direct
(5,10),247,,"[12,12,12,12,9,9,4,4,1,0]",DESIGN-INT,direct
(5,10),248,,"[4,4,4,4,3,3,1,1,1,0]",DESIGN-INT,direct
(5,10),249,,"[8,8,8,8,5,5,5,3,0,0]",INTERFERENCE,direct
(5,10),250,,"[12,12,12,12,7,7,7,6,0,0]",INTERFERENCE,direct
(5,10),251,,"[12,12,10,10,10,9,9,3,0,0]",DESIGN-INT,direct
(5,10),252,,"[20,20,16,16,16,16,16,3,1,1]",DESIGN-INT,direct
(5,10),253,,"[60,60,48,48,48,48,48,5,5,5]",DESIGN-INT,direct
(5,10),254,,"[11,11,11,11,8,8,7,1,1,1]",DESIGN-INT,direct
(5,10),255,,"[22,22,22,22,13,13,13,13,0,0]",INTERFERENCE,direct
(5,10),256,,"[29,29,29,29,20,20,20,3,3,3]",INTERFERENCE,direct
(5,10),257,,"[25,25,25,25,20,20,9,9,1,1]",DESIGN-INT,direct
(5,10),258,,"[14,14,14,14,11,11,8,2,2,0]",DESIGN-INT,direct
(5,10),259,,"[14,14,14,14,11,11,6,6,0,0]",INTERFERENCE,direct
(5,10),260,,"[7,7,7,7,5,5,5,1,1,0]",DESIGN-INT,direct
(5,10),261,,"[14,14,14,14,10,10,10,2,1,1]",INTERFERENCE,direct
(5,10),262,,"[7,7,7,6,6,6,3,3,0,0]",DESIGN-INT,direct
(5,10),263,,"[30,30,30,30,22,22,22,3,3,3]",INTERFERENCE,direct
(5,10),264,,"[10,10,9,9,9,9,6,1,1,1]",DESIGN-INT,direct
(5,10),265,,"[13,13,13,13,11,11,5,5,1,0]",DESIGN-INT,direct
(5,10),266,,"[9,9,9,9,8,8,5,1,1,1]",DESIGN-INT,direct
(5,10),267,,"[18,18,18,18,16,16,7,7,1,1]",DESIGN-INT,direct
(5,10),268,,"[9,9,9,9,7,7,7,3,0,0]",INTERFERENCE,direct
(5,10),269,,"[12,12,12,11,11,11,7,2,1,1]",DESIGN-INT,direct
(5,10),270,,"[9,9,9,8,8,8,6,3,0,0]",DESIGN-INT,direct
(5,10),271,,"[22,22,22,21,21,21,12,3,3,3]",DESIGN-INT,direct
(5,10),272,,"[24,24,24,23,23,23,15,3,3,3]",DESIGN-INT,direct
(5,10),273,,"[5,5,5,5,5,5,3,1,1,0]",DESIGN-INT,direct
(5,10),274,,"[15,15,15,15,15,15,8,3,2,2]",DESIGN-INT,direct
(5,10),275,,"[10,10,10,10,10,10,5,3,1,1]",DESIGN-INT,direct
(5,10),276,,"[30,30,30,30,30,30,15,5,5,5]",DESIGN-INT,direct
(5,10),277,,"[5,5,5,5,5,5,2,2,1,0]",DESIGN-INT,direct
(5,10),278,,"[10,10,10,10,10,10,4,4,1,1]",DESIGN-INT,direct
(5,10),279,,"[15,15,15,15,15,15,5,5,5,0]",DESIGN-INT,direct
(5,10),280,,"[20,20,20,20,20,20,5,5,5,5]",DESIGN-INT,direct
(5,10),281,,"[27,27,27,27,27,27,16,4,4,4]",DESIGN-INT,direct
(5,10),282,,"[17,17,17,17,17,17,11,3,2,2]",DESIGN-INT,direct
(5,10),283,,"[12,12,12,12,12,12,8,3,1,1]",DESIGN-INT,direct
(5,10),284,,"[36,36,36,36,36,36,24,5,5,5]",DESIGN-INT,direct
(5,10),285,,"[7,7,7,7,7,7,4,4,0,0]",DESIGN-INT,direct
(5,10),286,,"[2,2,2,2,2,2,2,1,0,0]",DESIGN-INT,direct
(5,10),287,,"[4,4,4,4,4,4,4,1,1,0]",DESIGN-INT,direct
(5,10),288,,"[6,6,6,6,6,6,6,1,1,1]",DESIGN-INT,direct
(5,10),289,,"[5,5,5,5,5,5,5,5,0,0]",DESIGN-INT,direct
(5,10),290,,"[5,5,5,5,5,5,5,5,5,0]",DESIGN-INT,direct
(5,10),291,,"[1,1,1,1,1,1,1,1,1,1]",DESIGN-INT,direct
